<?xml version="1.0" encoding="utf-8" ?>
<dwsync>
<file name="jquery.magnific-popup.min.js" server="ftp.populerdunya.com/editor-html/" local="130488099930000000" remote="130702680000000000" Dst="1" />
<file name="magnific-popup.css" server="ftp.populerdunya.com/editor-html/" local="130595973650000000" remote="130702680000000000" Dst="1" />
<file name="default-skin.svg" server="ftp.populerdunya.com/vector/" local="130700070400000000" remote="130776021600000000" Dst="2" />
<file name="magnific-popup.css" server="ftp.populerdunya.com/vector/" local="130595973650000000" remote="130776021600000000" Dst="2" />
<file name="jquery.magnific-popup.min.js" server="ftp.populerdunya.com/vector/" local="130488099930000000" remote="130776918600000000" Dst="2" />
<file name="default-skin.svg" server="ftp.populerdunya.com/vcard-01/" local="130700070400000000" remote="131014852800000000" Dst="1" />
<file name="jquery.magnific-popup.min.js" server="ftp.populerdunya.com/vcard-01/" local="130488099930000000" remote="131014852800000000" Dst="1" />
<file name="magnific-popup.css" server="ftp.populerdunya.com/vcard-01/" local="130595973650000000" remote="131014852800000000" Dst="1" />
<file name="default-skin.svg" server="ftp.populerdunya.com/ucard-html/" local="130700070400000000" remote="131105613000000000" Dst="2" />
<file name="jquery.magnific-popup.min.js" server="ftp.populerdunya.com/ucard-html/" local="130488099930000000" remote="131105613000000000" Dst="2" />
<file name="magnific-popup.css" server="ftp.populerdunya.com/ucard-html/" local="130595973650000000" remote="131105613000000000" Dst="2" />
</dwsync>