<?xml version="1.0" encoding="utf-8" ?>
<dwsync>
<file name="about.jpg" server="ftp.populerdunya.com/vcard-01/" local="131058277310000000" remote="131057982600000000" Dst="2" />
<file name="blog.jpg" server="ftp.populerdunya.com/vcard-01/" local="131058273470000000" remote="131057982600000000" Dst="2" />
<file name="portfolio.jpg" server="ftp.populerdunya.com/vcard-01/" local="131058276030000000" remote="131057982600000000" Dst="2" />
<file name="resume.jpg" server="ftp.populerdunya.com/vcard-01/" local="131058289930000000" remote="131057983200000000" Dst="2" />
<file name="about.jpg" server="ftp.populerdunya.com/ucard-html/" local="131058277310000000" remote="131060395200000000" Dst="2" />
<file name="blog.jpg" server="ftp.populerdunya.com/ucard-html/" local="131058273470000000" remote="131060395200000000" Dst="2" />
<file name="home.jpg" server="ftp.populerdunya.com/ucard-html/" local="131058288590000000" remote="131060395800000000" Dst="2" />
<file name="portfolio.jpg" server="ftp.populerdunya.com/ucard-html/" local="131058276030000000" remote="131060395800000000" Dst="2" />
<file name="resume.jpg" server="ftp.populerdunya.com/ucard-html/" local="131058289930000000" remote="131060395800000000" Dst="2" />
</dwsync>