<?xml version="1.0" encoding="utf-8" ?>
<dwsync>
<file name="nprogress.css" server="ftp.populerdunya.com/newcard/" local="130351376940178951" remote="130355505600000000" Dst="1" />
<file name="nprogress.js" server="ftp.populerdunya.com/newcard/" local="130253377660000000" remote="130295087400000000" Dst="1" />
<file name="nprogress.css" server="ftp.populerdunya.com/vector/" local="130779667964477124" remote="130779393600000000" Dst="2" />
<file name="nprogress.js" server="ftp.populerdunya.com/vector/" local="130779668336740726" remote="130779393600000000" Dst="2" />
<file name="nprogress.css" server="ftp.populerdunya.com/empathy-html/" local="130779667964477124" remote="130942956000000000" Dst="1" />
<file name="nprogress.js" server="ftp.populerdunya.com/empathy-html/" local="130779668336740726" remote="130942956000000000" Dst="1" />
<file name="nprogress.css" server="ftp.populerdunya.com/vcard-01/" local="130779667960000000" remote="131014852800000000" Dst="1" />
<file name="nprogress.js" server="ftp.populerdunya.com/vcard-01/" local="130779668330000000" remote="131014852800000000" Dst="1" />
<file name="nprogress.css" server="ftp.populerdunya.com/ucard-html/" local="130779667960000000" remote="131105613000000000" Dst="2" />
<file name="nprogress.js" server="ftp.populerdunya.com/ucard-html/" local="130779668330000000" remote="131105613000000000" Dst="2" />
</dwsync>