<?xml version="1.0" encoding="utf-8" ?>
<dwsync>
<file name="768.css" server="ftp.populerdunya.com/vcard-01/" local="131058247060554215" remote="131057982000000000" Dst="2" />
<file name="bootstrap.min.css" server="ftp.populerdunya.com/vcard-01/" local="130759233300000000" remote="131014849200000000" Dst="1" />
<file name="layout.css" server="ftp.populerdunya.com/vcard-01/" local="131060637834718550" remote="131060313600000000" Dst="2" />
<file name="main.css" server="ftp.populerdunya.com/vcard-01/" local="131060644687182977" remote="131060320800000000" Dst="2" />
<file name="768.css" server="ftp.populerdunya.com/ucard-html/" local="131060705595935446" remote="131105595600000000" Dst="2" />
<file name="align.css" server="ftp.populerdunya.com/ucard-html/" local="131060706278725479" remote="131105610000000000" Dst="2" />
<file name="layout.css" server="ftp.populerdunya.com/ucard-html/" local="131105881838866274" remote="131105595600000000" Dst="2" />
<file name="main.css" server="ftp.populerdunya.com/ucard-html/" local="131105893183408210" remote="131105610000000000" Dst="2" />
<file name="bootstrap.min.css" server="ftp.populerdunya.com/ucard-html/" local="130759233300000000" remote="131105610000000000" Dst="2" />
</dwsync>