<?xml version="1.0" encoding="utf-8" ?>
<dwsync>
<file name="fontello.eot" server="ftp.populerdunya.com/vcard-01/" local="131042568960000000" remote="131057982000000000" Dst="2" />
<file name="fontello.svg" server="ftp.populerdunya.com/vcard-01/" local="131042568960000000" remote="131057982000000000" Dst="2" />
<file name="fontello.ttf" server="ftp.populerdunya.com/vcard-01/" local="131042568960000000" remote="131057982000000000" Dst="2" />
<file name="fontello.woff" server="ftp.populerdunya.com/vcard-01/" local="131042568960000000" remote="131057982000000000" Dst="2" />
<file name="fontello.woff2" server="ftp.populerdunya.com/vcard-01/" local="131042568960000000" remote="131057982000000000" Dst="2" />
<file name="fontello.eot" server="ftp.populerdunya.com/ucard-html/" local="131042568960000000" remote="131105610000000000" Dst="2" />
<file name="fontello.svg" server="ftp.populerdunya.com/ucard-html/" local="131042568960000000" remote="131105610000000000" Dst="2" />
<file name="fontello.ttf" server="ftp.populerdunya.com/ucard-html/" local="131042568960000000" remote="131105610000000000" Dst="2" />
<file name="fontello.woff" server="ftp.populerdunya.com/ucard-html/" local="131042568960000000" remote="131105610000000000" Dst="2" />
<file name="fontello.woff2" server="ftp.populerdunya.com/ucard-html/" local="131042568960000000" remote="131105610000000000" Dst="2" />
</dwsync>