<?xml version="1.0" encoding="utf-8" ?>
<dwsync>
<file name="Pe-icon-7-stroke.eot" server="ftp.populerdunya.com/vector/" local="130608621080000000" remote="130776017400000000" Dst="2" />
<file name="Pe-icon-7-stroke.svg" server="ftp.populerdunya.com/vector/" local="130608621080000000" remote="130776017400000000" Dst="2" />
<file name="Pe-icon-7-stroke.ttf" server="ftp.populerdunya.com/vector/" local="130608621080000000" remote="130776017400000000" Dst="2" />
<file name="Pe-icon-7-stroke.woff" server="ftp.populerdunya.com/vector/" local="130608621080000000" remote="130776017400000000" Dst="2" />
<file name="Pe-icon-7-stroke.eot" server="ftp.populerdunya.com/vcard-01/" local="130608621080000000" remote="131014849200000000" Dst="1" />
<file name="Pe-icon-7-stroke.svg" server="ftp.populerdunya.com/vcard-01/" local="130608621080000000" remote="131014849200000000" Dst="1" />
<file name="Pe-icon-7-stroke.ttf" server="ftp.populerdunya.com/vcard-01/" local="130608621080000000" remote="131014849200000000" Dst="1" />
<file name="Pe-icon-7-stroke.woff" server="ftp.populerdunya.com/vcard-01/" local="130608621080000000" remote="131014849200000000" Dst="1" />
<file name="Pe-icon-7-stroke.eot" server="ftp.populerdunya.com/ucard-html/" local="130608621080000000" remote="131105610000000000" Dst="2" />
<file name="Pe-icon-7-stroke.svg" server="ftp.populerdunya.com/ucard-html/" local="130608621080000000" remote="131105610000000000" Dst="2" />
<file name="Pe-icon-7-stroke.ttf" server="ftp.populerdunya.com/ucard-html/" local="130608621080000000" remote="131105610000000000" Dst="2" />
<file name="Pe-icon-7-stroke.woff" server="ftp.populerdunya.com/ucard-html/" local="130608621080000000" remote="131105610000000000" Dst="2" />
</dwsync>