<?xml version="1.0" encoding="utf-8" ?>
<dwsync>
<file name="01.jpg" server="ftp.populerdunya.com/vector/" local="130766930290000000" remote="130776019200000000" Dst="2" />
<file name="02.jpg" server="ftp.populerdunya.com/vector/" local="130766930590000000" remote="130776019200000000" Dst="2" />
<file name="01.jpg" server="ftp.populerdunya.com/empathy-html/" local="130784044210000000" remote="130942955400000000" Dst="1" />
<file name="02.jpg" server="ftp.populerdunya.com/empathy-html/" local="130784044400000000" remote="130942955400000000" Dst="1" />
<file name="03.jpg" server="ftp.populerdunya.com/empathy-html/" local="130784045930000000" remote="130942955400000000" Dst="1" />
<file name="04.jpg" server="ftp.populerdunya.com/empathy-html/" local="130784046040000000" remote="130942955400000000" Dst="1" />
<file name="01.jpg" server="ftp.populerdunya.com/vcard-01/" local="130784044210000000" remote="131014851600000000" Dst="1" />
<file name="02.jpg" server="ftp.populerdunya.com/vcard-01/" local="130784044400000000" remote="131014851600000000" Dst="1" />
<file name="03.jpg" server="ftp.populerdunya.com/vcard-01/" local="131042514280000000" remote="131057983200000000" Dst="2" />
<file name="04.jpg" server="ftp.populerdunya.com/vcard-01/" local="131042514900000000" remote="131057983200000000" Dst="2" />
</dwsync>