<?xml version="1.0" encoding="utf-8" ?>
<dwsync>
<file name="config.json" server="ftp.populerdunya.com/vcard-01/" local="131042568960000000" remote="131057982000000000" Dst="2" />
<file name="demo.html" server="ftp.populerdunya.com/vcard-01/" local="131042568960000000" remote="131057982000000000" Dst="2" />
<file name="LICENSE.txt" server="ftp.populerdunya.com/vcard-01/" local="131042568960000000" remote="131057982000000000" Dst="2" />
<file name="README.txt" server="ftp.populerdunya.com/vcard-01/" local="131042568960000000" remote="131057982000000000" Dst="2" />
<file name="config.json" server="ftp.populerdunya.com/ucard-html/" local="131042568960000000" remote="131105610000000000" Dst="2" />
<file name="demo.html" server="ftp.populerdunya.com/ucard-html/" local="131042568960000000" remote="131105610000000000" Dst="2" />
<file name="LICENSE.txt" server="ftp.populerdunya.com/ucard-html/" local="131042568960000000" remote="131105610000000000" Dst="2" />
<file name="README.txt" server="ftp.populerdunya.com/ucard-html/" local="131042568960000000" remote="131105610000000000" Dst="2" />
</dwsync>