<?xml version="1.0" encoding="utf-8" ?>
<dwsync>
<file name="fastclick.js" server="ftp.populerdunya.com/vcard-01/" local="130779666780000000" remote="131014852800000000" Dst="1" />
<file name="imagesloaded.pkgd.min.js" server="ftp.populerdunya.com/vcard-01/" local="131016042521837339" remote="131019793200000000" Dst="1" />
<file name="jquery-1.11.3.min.js" server="ftp.populerdunya.com/vcard-01/" local="130779660820000000" remote="131014852800000000" Dst="1" />
<file name="jquery-migrate-1.2.1.min.js" server="ftp.populerdunya.com/vcard-01/" local="130330917490000000" remote="131014852800000000" Dst="1" />
<file name="jquery.address-1.5.min.js" server="ftp.populerdunya.com/vcard-01/" local="129977491100000000" remote="131014852800000000" Dst="1" />
<file name="jquery.fitvids.js" server="ftp.populerdunya.com/vcard-01/" local="130779668730000000" remote="131014852800000000" Dst="1" />
<file name="jquery.isotope.min.js" server="ftp.populerdunya.com/vcard-01/" local="130752862860000000" remote="131014852800000000" Dst="1" />
<file name="jquery.validate.min.js" server="ftp.populerdunya.com/vcard-01/" local="130489139630000000" remote="131014852800000000" Dst="1" />
<file name="main.js" server="ftp.populerdunya.com/vcard-01/" local="131060612425236549" remote="131060288400000000" Dst="2" />
<file name="modernizr.min.js" server="ftp.populerdunya.com/vcard-01/" local="131060655822573522" remote="131060340000000000" Dst="2" />
<file name="typist.js" server="ftp.populerdunya.com/vcard-01/" local="131042539860000000" remote="131057983200000000" Dst="2" />
<file name="main.js" server="ftp.populerdunya.com/ucard-html/" local="131105935499466032" remote="131105647800000000" Dst="2" />
<file name="modernizr.min.js" server="ftp.populerdunya.com/ucard-html/" local="131060655822573522" remote="131105613000000000" Dst="2" />
<file name="fastclick.js" server="ftp.populerdunya.com/ucard-html/" local="130779666780000000" remote="131105613000000000" Dst="2" />
<file name="imagesloaded.pkgd.min.js" server="ftp.populerdunya.com/ucard-html/" local="131016042521837339" remote="131105613000000000" Dst="2" />
<file name="jquery-1.11.3.min.js" server="ftp.populerdunya.com/ucard-html/" local="130779660820000000" remote="131105613000000000" Dst="2" />
<file name="jquery-migrate-1.2.1.min.js" server="ftp.populerdunya.com/ucard-html/" local="130330917490000000" remote="131105613000000000" Dst="2" />
<file name="jquery.address-1.5.min.js" server="ftp.populerdunya.com/ucard-html/" local="129977491100000000" remote="131105613000000000" Dst="2" />
<file name="jquery.fitvids.js" server="ftp.populerdunya.com/ucard-html/" local="130779668730000000" remote="131105613000000000" Dst="2" />
<file name="jquery.isotope.min.js" server="ftp.populerdunya.com/ucard-html/" local="130752862860000000" remote="131105613000000000" Dst="2" />
<file name="jquery.validate.min.js" server="ftp.populerdunya.com/ucard-html/" local="130489139630000000" remote="131105613000000000" Dst="2" />
<file name="typist.js" server="ftp.populerdunya.com/ucard-html/" local="131042539860000000" remote="131105613000000000" Dst="2" />
</dwsync>