<?xml version="1.0" encoding="utf-8" ?>
<dwsync>
<file name="client-01.png" server="ftp.webiyografi.com/lab/responsy/" local="129767548021804995" remote="129773709600000000" Dst="-1" />
<file name="client-02.png" server="ftp.webiyografi.com/lab/responsy/" local="129767536725108861" remote="129773709600000000" Dst="-1" />
<file name="client-03.png" server="ftp.webiyografi.com/lab/responsy/" local="129767540300783378" remote="129773709600000000" Dst="-1" />
<file name="client-04.png" server="ftp.webiyografi.com/lab/responsy/" local="129767541558435312" remote="129773709600000000" Dst="-1" />
<file name="client-05.png" server="ftp.webiyografi.com/lab/responsy/" local="129767546023130678" remote="129773709600000000" Dst="-1" />
<file name="client-06.png" server="ftp.webiyografi.com/lab/responsy/" local="129767547249680832" remote="129773709600000000" Dst="-1" />
<file name="client-01.png" server="ftp.populerdunya.com/themes/responsy/" local="129767548021804995" remote="129788997000000000" Dst="-1" />
<file name="client-02.png" server="ftp.populerdunya.com/themes/responsy/" local="129767536725108861" remote="129788997000000000" Dst="-1" />
<file name="client-03.png" server="ftp.populerdunya.com/themes/responsy/" local="129767540300783378" remote="129788997000000000" Dst="-1" />
<file name="client-04.png" server="ftp.populerdunya.com/themes/responsy/" local="129767541558435312" remote="129788997000000000" Dst="-1" />
<file name="client-05.png" server="ftp.populerdunya.com/themes/responsy/" local="129767546023130678" remote="129788997600000000" Dst="-1" />
<file name="client-06.png" server="ftp.populerdunya.com/themes/responsy/" local="129767547249680832" remote="129788997600000000" Dst="-1" />
<file name="client-01.png" server="ftp.populerdunya.com/newcard/" local="130319529363842555" remote="130322811000000000" Dst="1" />
<file name="client-02.png" server="ftp.populerdunya.com/newcard/" local="130319540573883732" remote="130322811000000000" Dst="1" />
<file name="client-03.png" server="ftp.populerdunya.com/newcard/" local="130319529812758231" remote="130322811000000000" Dst="1" />
<file name="client-04.png" server="ftp.populerdunya.com/newcard/" local="130319530093594294" remote="130322811000000000" Dst="1" />
<file name="client-05.png" server="ftp.populerdunya.com/newcard/" local="130319535802810843" remote="130322811000000000" Dst="1" />
<file name="client-06.png" server="ftp.populerdunya.com/newcard/" local="130319537867918960" remote="130322811000000000" Dst="1" />
<file name="client-01.png" server="ftp.populerdunya.com/vector/" local="130757262140000000" remote="130776021600000000" Dst="2" />
<file name="client-02.png" server="ftp.populerdunya.com/vector/" local="130757302250000000" remote="130776021600000000" Dst="2" />
<file name="client-03.png" server="ftp.populerdunya.com/vector/" local="130757302340000000" remote="130776021600000000" Dst="2" />
<file name="client-04.png" server="ftp.populerdunya.com/vector/" local="130757292590000000" remote="130776021600000000" Dst="2" />
<file name="client-05.png" server="ftp.populerdunya.com/vector/" local="130757302420000000" remote="130776021600000000" Dst="2" />
<file name="client-06.png" server="ftp.populerdunya.com/vector/" local="130757302490000000" remote="130776021600000000" Dst="2" />
<file name="client-01.png" server="ftp.populerdunya.com/vcard-01/" local="131058230880000000" remote="131057982600000000" Dst="2" />
<file name="client-02.png" server="ftp.populerdunya.com/vcard-01/" local="131058246320000000" remote="131057982600000000" Dst="2" />
<file name="client-03.png" server="ftp.populerdunya.com/vcard-01/" local="131058233700000000" remote="131057982600000000" Dst="2" />
<file name="client-04.png" server="ftp.populerdunya.com/vcard-01/" local="131058234800000000" remote="131057982600000000" Dst="2" />
<file name="client-05.png" server="ftp.populerdunya.com/vcard-01/" local="131058244800000000" remote="131057982600000000" Dst="2" />
<file name="client-06.png" server="ftp.populerdunya.com/vcard-01/" local="131058239940000000" remote="131057982600000000" Dst="2" />
<file name="client-07.png" server="ftp.populerdunya.com/vcard-01/" local="131058241020000000" remote="131057982600000000" Dst="2" />
<file name="client-08.png" server="ftp.populerdunya.com/vcard-01/" local="131058241770000000" remote="131057982600000000" Dst="2" />
<file name="client-01.png" server="ftp.populerdunya.com/ucard-html/" local="131058230880000000" remote="131060395200000000" Dst="2" />
<file name="client-02.png" server="ftp.populerdunya.com/ucard-html/" local="131058246320000000" remote="131060395200000000" Dst="2" />
<file name="client-03.png" server="ftp.populerdunya.com/ucard-html/" local="131058233700000000" remote="131060395200000000" Dst="2" />
<file name="client-04.png" server="ftp.populerdunya.com/ucard-html/" local="131058234800000000" remote="131060395200000000" Dst="2" />
<file name="client-06.png" server="ftp.populerdunya.com/ucard-html/" local="131058239940000000" remote="131060395200000000" Dst="2" />
<file name="client-07.png" server="ftp.populerdunya.com/ucard-html/" local="131058241020000000" remote="131060395200000000" Dst="2" />
<file name="client-08.png" server="ftp.populerdunya.com/ucard-html/" local="131058241770000000" remote="131060395200000000" Dst="2" />
</dwsync>