<?xml version="1.0" encoding="utf-8" ?>
<dwsync>
<file name="testo-01.jpg" server="ftp.populerdunya.com/bookcard/" local="130035384345243747" remote="130035176400000000" Dst="1" />
<file name="testo-02.jpg" server="ftp.populerdunya.com/bookcard/" local="130035384297581020" remote="130035176400000000" Dst="1" />
<file name="testo-03.jpg" server="ftp.populerdunya.com/bookcard/" local="130035394368187026" remote="130035176400000000" Dst="1" />
<file name="testo-01.jpg" server="ftp.populerdunya.com/newcard/" local="130347012966689047" remote="130355505600000000" Dst="1" />
<file name="testo-02.jpg" server="ftp.populerdunya.com/newcard/" local="130347019341303654" remote="130355505600000000" Dst="1" />
<file name="testo-03.jpg" server="ftp.populerdunya.com/newcard/" local="130347018268982321" remote="130355505600000000" Dst="1" />
<file name="author-1.jpg" server="ftp.populerdunya.com/newcard/" local="130312723333802665" remote="130313818200000000" Dst="1" />
<file name="author-1.jpg" server="ftp.populerdunya.com/vector/" local="130312723330000000" remote="130776918600000000" Dst="2" />
<file name="avatar.jpg" server="ftp.populerdunya.com/vector/" local="130779114604630804" remote="130779393600000000" Dst="2" />
<file name="testo-01.jpg" server="ftp.populerdunya.com/vector/" local="130759928270000000" remote="130776021600000000" Dst="2" />
<file name="testo-02.jpg" server="ftp.populerdunya.com/vector/" local="130759927490000000" remote="130776021600000000" Dst="2" />
<file name="testo-03.jpg" server="ftp.populerdunya.com/vector/" local="130759926770000000" remote="130776022200000000" Dst="2" />
<file name="Chats.png" server="ftp.populerdunya.com/vector/" local="130668265260000000" remote="130776019800000000" Dst="2" />
<file name="icon-01.png" server="ftp.populerdunya.com/vector/" local="130668265260000000" remote="130776021600000000" Dst="2" />
<file name="icon-02.png" server="ftp.populerdunya.com/vector/" local="130668265260000000" remote="130776021600000000" Dst="2" />
<file name="icon-03.png" server="ftp.populerdunya.com/vector/" local="130668265260000000" remote="130776021600000000" Dst="2" />
<file name="icon-04.png" server="ftp.populerdunya.com/vector/" local="130668265260000000" remote="130776021600000000" Dst="2" />
<file name="icon-05.png" server="ftp.populerdunya.com/vector/" local="130695789080000000" remote="130776021600000000" Dst="2" />
<file name="icon-06.png" server="ftp.populerdunya.com/vector/" local="130668265260000000" remote="130776021600000000" Dst="2" />
<file name="marker.png" server="ftp.populerdunya.com/vector/" local="130753176840000000" remote="130776021600000000" Dst="2" />
<file name="avatar.jpg" server="ftp.populerdunya.com/empathy-html/" local="130807070290000000" remote="130942955400000000" Dst="1" />
<file name="author-1.jpg" server="ftp.populerdunya.com/vcard-01/" local="130312723330000000" remote="131014852200000000" Dst="1" />
<file name="avatar.jpg" server="ftp.populerdunya.com/vcard-01/" local="131043368920000000" remote="131057983200000000" Dst="2" />
<file name="Chats.png" server="ftp.populerdunya.com/vcard-01/" local="130668265260000000" remote="131014852200000000" Dst="1" />
<file name="icon-01.png" server="ftp.populerdunya.com/vcard-01/" local="130668301260000000" remote="131057983200000000" Dst="2" />
<file name="icon-02.png" server="ftp.populerdunya.com/vcard-01/" local="130668301260000000" remote="131057983200000000" Dst="2" />
<file name="icon-03.png" server="ftp.populerdunya.com/vcard-01/" local="130668301260000000" remote="131057983200000000" Dst="2" />
<file name="icon-04.png" server="ftp.populerdunya.com/vcard-01/" local="130668265260000000" remote="131014852200000000" Dst="1" />
<file name="icon-05.png" server="ftp.populerdunya.com/vcard-01/" local="130695789080000000" remote="131014852200000000" Dst="1" />
<file name="icon-06.png" server="ftp.populerdunya.com/vcard-01/" local="130668265260000000" remote="131014852200000000" Dst="1" />
<file name="marker.png" server="ftp.populerdunya.com/vcard-01/" local="131043385410000000" remote="131057983200000000" Dst="2" />
<file name="testo-01.jpg" server="ftp.populerdunya.com/vcard-01/" local="131043362200000000" remote="131057983200000000" Dst="2" />
<file name="testo-02.jpg" server="ftp.populerdunya.com/vcard-01/" local="131043364470000000" remote="131057983200000000" Dst="2" />
<file name="testo-03.jpg" server="ftp.populerdunya.com/vcard-01/" local="131043371580000000" remote="131057983200000000" Dst="2" />
</dwsync>